username, match username, workshop
achituv, thariq,0
thariq, achituv,0
dhaval, pip,1
pip, dhaval,1
azaria, carolx,0
carolx, azaria,0
jbobrow, cherston,2
cherston, jbobrow,2
cvx, ishii,2
ishii, cvx,2
bdatta, gowharji,3
gowharji, bdatta,3
nfarve, jgroff,1
jgroff, nfarve,1
erhardt, isasobri,0
isasobri, erhardt,0
jhaas, jakory,2
jakory, jhaas,2
kzh, jaquesn,3
jaquesn, kzh,3
djain, slavin,1
slavin, djain,1
crisjf, trich,0
trich, crisjf,0
savannah, elplatt,2
elplatt, savannah,2
novysan, lip,3
lip, novysan,3
dramsay, tempest,3
tempest, dramsay,3
akanes, cwwang,4
cwwang, akanes,4
samuelsp, jon,1
jon, samuelsp,1
hidalgo, ethanz,0
ethanz, hidalgo,0
joscha, moia,1
moia, joscha,1
pattie, sputniko,2
sputniko, pattie,2
mniskala, tashih,3
tashih, mniskala,3
lisa_k, agnis,0
agnis, lisa_k,0
akahn, slotnick,1
slotnick, akahn,1
macklin, jwojcik,2
jwojcik, macklin,2
